STATION,STATION_NAME,DATE,HPCP
COOP:448906,WASHINGTON REAGAN NATIONAL AIRPORT VA US,20130101 01:00,0
COOP:448906,WASHINGTON REAGAN NATIONAL AIRPORT VA US,20130105 23:00,0
COOP:448906,WASHINGTON REAGAN NATIONAL AIRPORT VA US,20130106 00:00,1
COOP:448906,WASHINGTON REAGAN NATIONAL AIRPORT VA US,20130106 01:00,0
COOP:448906,WASHINGTON REAGAN NATIONAL AIRPORT VA US,20130106 02:00,0
COOP:448906,WASHINGTON REAGAN NATIONAL AIRPORT VA US,20130109 15:00,1
COOP:448906,WASHINGTON REAGAN NATIONAL AIRPORT VA US,20130109 16:00,0
COOP:448906,WASHINGTON REAGAN NATIONAL AIRPORT VA US,20130111 08:00,0
COOP:448906,WASHINGTON REAGAN NATIONAL AIRPORT VA US,20130111 11:00,0
COOP:448906,WASHINGTON REAGAN NATIONAL AIRPORT VA US,20130111 12:00,0
COOP:448906,WASHINGTON REAGAN NATIONAL AIRPORT VA US,20130111 13:00,0
COOP:448906,WASHINGTON REAGAN NATIONAL AIRPORT VA US,20130111 14:00,0
COOP:448906,WASHINGTON REAGAN NATIONAL AIRPORT VA US,20130111 15:00,0
COOP:448906,WASHINGTON REAGAN NATIONAL AIRPORT VA US,20130111 16:00,0
COOP:448906,WASHINGTON REAGAN NATIONAL AIRPORT VA US,20130111 17:00,0
COOP:448906,WASHINGTON REAGAN NATIONAL AIRPORT VA US,20130111 18:00,1
COOP:448906,WASHINGTON REAGAN NATIONAL AIRPORT VA US,20130111 19:00,0
COOP:448906,WASHINGTON REAGAN NATIONAL AIRPORT VA US,20130111 20:00,0
COOP:448906,WASHINGTON REAGAN NATIONAL AIRPORT VA US,20130113 11:00,0
COOP:448906,WASHINGTON REAGAN NATIONAL AIRPORT VA US,20130113 12:00,0
COOP:448906,WASHINGTON REAGAN NATIONAL AIRPORT VA US,20130113 13:00,0
COOP:448906,WASHINGTON REAGAN NATIONAL AIRPORT VA US,20130113 14:00,0
COOP:448906,WASHINGTON REAGAN NATIONAL AIRPORT VA US,20130113 15:00,0
COOP:448906,WASHINGTON REAGAN NATIONAL AIRPORT VA US,20130113 16:00,0
COOP:448906,WASHINGTON REAGAN NATIONAL AIRPORT VA US,20130113 17:00,0
COOP:448906,WASHINGTON REAGAN NATIONAL AIRPORT VA US,20130113 18:00,0
COOP:448906,WASHINGTON REAGAN NATIONAL AIRPORT VA US,20130113 19:00,0
COOP:448906,WASHINGTON REAGAN NATIONAL AIRPORT VA US,20130113 20:00,0
COOP:448906,WASHINGTON REAGAN NATIONAL AIRPORT VA US,20130113 21:00,0
COOP:448906,WASHINGTON REAGAN NATIONAL AIRPORT VA US,20130113 22:00,0
COOP:448906,WASHINGTON REAGAN NATIONAL AIRPORT VA US,20130113 23:00,0
COOP:448906,WASHINGTON REAGAN NATIONAL AIRPORT VA US,20130114 05:00,0
COOP:448906,WASHINGTON REAGAN NATIONAL AIRPORT VA US,20130114 06:00,0
COOP:448906,WASHINGTON REAGAN NATIONAL AIRPORT VA US,20130114 07:00,0
COOP:448906,WASHINGTON REAGAN NATIONAL AIRPORT VA US,20130114 08:00,0
COOP:448906,WASHINGTON REAGAN NATIONAL AIRPORT VA US,20130114 16:00,0
COOP:448906,WASHINGTON REAGAN NATIONAL AIRPORT VA US,20130114 17:00,0
COOP:448906,WASHINGTON REAGAN NATIONAL AIRPORT VA US,20130114 21:00,2
COOP:448906,WASHINGTON REAGAN NATIONAL AIRPORT VA US,20130114 22:00,2
COOP:448906,WASHINGTON REAGAN NATIONAL AIRPORT VA US,20130114 23:00,3
COOP:448906,WASHINGTON REAGAN NATIONAL AIRPORT VA US,20130115 00:00,2
COOP:448906,WASHINGTON REAGAN NATIONAL AIRPORT VA US,20130115 01:00,0
COOP:448906,WASHINGTON REAGAN NATIONAL AIRPORT VA US,20130115 02:00,14
COOP:448906,WASHINGTON REAGAN NATIONAL AIRPORT VA US,20130115 03:00,14
COOP:448906,WASHINGTON REAGAN NATIONAL AIRPORT VA US,20130115 04:00,2
COOP:448906,WASHINGTON REAGAN NATIONAL AIRPORT VA US,20130115 05:00,0
COOP:448906,WASHINGTON REAGAN NATIONAL AIRPORT VA US,20130115 07:00,1
COOP:448906,WASHINGTON REAGAN NATIONAL AIRPORT VA US,20130115 08:00,3
COOP:448906,WASHINGTON REAGAN NATIONAL AIRPORT VA US,20130115 09:00,2
COOP:448906,WASHINGTON REAGAN NATIONAL AIRPORT VA US,20130115 10:00,0
COOP:448906,WASHINGTON REAGAN NATIONAL AIRPORT VA US,20130115 11:00,1
COOP:448906,WASHINGTON REAGAN NATIONAL AIRPORT VA US,20130115 12:00,1
COOP:448906,WASHINGTON REAGAN NATIONAL AIRPORT VA US,20130115 13:00,1
COOP:448906,WASHINGTON REAGAN NATIONAL AIRPORT VA US,20130115 14:00,0
COOP:448906,WASHINGTON REAGAN NATIONAL AIRPORT VA US,20130115 15:00,0
COOP:448906,WASHINGTON REAGAN NATIONAL AIRPORT VA US,20130115 16:00,0
COOP:448906,WASHINGTON REAGAN NATIONAL AIRPORT VA US,20130115 17:00,0
COOP:448906,WASHINGTON REAGAN NATIONAL AIRPORT VA US,20130115 18:00,0
COOP:448906,WASHINGTON REAGAN NATIONAL AIRPORT VA US,20130115 19:00,0
COOP:448906,WASHINGTON REAGAN NATIONAL AIRPORT VA US,20130115 20:00,5
COOP:448906,WASHINGTON REAGAN NATIONAL AIRPORT VA US,20130115 21:00,9
COOP:448906,WASHINGTON REAGAN NATIONAL AIRPORT VA US,20130115 22:00,12
COOP:448906,WASHINGTON REAGAN NATIONAL AIRPORT VA US,20130115 23:00,5
COOP:448906,WASHINGTON REAGAN NATIONAL AIRPORT VA US,20130116 00:00,9
COOP:448906,WASHINGTON REAGAN NATIONAL AIRPORT VA US,20130116 01:00,6
COOP:448906,WASHINGTON REAGAN NATIONAL AIRPORT VA US,20130116 02:00,6
COOP:448906,WASHINGTON REAGAN NATIONAL AIRPORT VA US,20130116 03:00,7
COOP:448906,WASHINGTON REAGAN NATIONAL AIRPORT VA US,20130116 04:00,1
COOP:448906,WASHINGTON REAGAN NATIONAL AIRPORT VA US,20130116 05:00,0
COOP:448906,WASHINGTON REAGAN NATIONAL AIRPORT VA US,20130116 06:00,0
COOP:448906,WASHINGTON REAGAN NATIONAL AIRPORT VA US,20130116 07:00,0
COOP:448906,WASHINGTON REAGAN NATIONAL AIRPORT VA US,20130116 08:00,1
COOP:448906,WASHINGTON REAGAN NATIONAL AIRPORT VA US,20130116 09:00,1
COOP:448906,WASHINGTON REAGAN NATIONAL AIRPORT VA US,20130116 10:00,3
COOP:448906,WASHINGTON REAGAN NATIONAL AIRPORT VA US,20130116 11:00,1
COOP:448906,WASHINGTON REAGAN NATIONAL AIRPORT VA US,20130116 12:00,0
COOP:448906,WASHINGTON REAGAN NATIONAL AIRPORT VA US,20130116 15:00,1
COOP:448906,WASHINGTON REAGAN NATIONAL AIRPORT VA US,20130116 16:00,1
COOP:448906,WASHINGTON REAGAN NATIONAL AIRPORT VA US,20130116 17:00,0
COOP:448906,WASHINGTON REAGAN NATIONAL AIRPORT VA US,20130116 18:00,0
COOP:448906,WASHINGTON REAGAN NATIONAL AIRPORT VA US,20130116 22:00,0
COOP:448906,WASHINGTON REAGAN NATIONAL AIRPORT VA US,20130116 23:00,0
COOP:448906,WASHINGTON REAGAN NATIONAL AIRPORT VA US,20130117 00:00,1
COOP:448906,WASHINGTON REAGAN NATIONAL AIRPORT VA US,20130117 01:00,0
COOP:448906,WASHINGTON REAGAN NATIONAL AIRPORT VA US,20130117 02:00,1
COOP:448906,WASHINGTON REAGAN NATIONAL AIRPORT VA US,20130117 03:00,0
COOP:448906,WASHINGTON REAGAN NATIONAL AIRPORT VA US,20130117 04:00,0
COOP:448906,WASHINGTON REAGAN NATIONAL AIRPORT VA US,20130117 17:00,0
COOP:448906,WASHINGTON REAGAN NATIONAL AIRPORT VA US,20130117 18:00,0
COOP:448906,WASHINGTON REAGAN NATIONAL AIRPORT VA US,20130123 23:00,0
COOP:448906,WASHINGTON REAGAN NATIONAL AIRPORT VA US,20130124 00:00,0
COOP:448906,WASHINGTON REAGAN NATIONAL AIRPORT VA US,20130124 01:00,0
COOP:448906,WASHINGTON REAGAN NATIONAL AIRPORT VA US,20130124 02:00,1
COOP:448906,WASHINGTON REAGAN NATIONAL AIRPORT VA US,20130124 03:00,1
COOP:448906,WASHINGTON REAGAN NATIONAL AIRPORT VA US,20130124 04:00,0
COOP:448906,WASHINGTON REAGAN NATIONAL AIRPORT VA US,20130124 05:00,0
COOP:448906,WASHINGTON REAGAN NATIONAL AIRPORT VA US,20130124 06:00,0
COOP:448906,WASHINGTON REAGAN NATIONAL AIRPORT VA US,20130124 07:00,1
COOP:448906,WASHINGTON REAGAN NATIONAL AIRPORT VA US,20130124 08:00,0
COOP:448906,WASHINGTON REAGAN NATIONAL AIRPORT VA US,20130124 09:00,0
COOP:448906,WASHINGTON REAGAN NATIONAL AIRPORT VA US,20130124 10:00,0
COOP:448906,WASHINGTON REAGAN NATIONAL AIRPORT VA US,20130125 15:00,0
COOP:448906,WASHINGTON REAGAN NATIONAL AIRPORT VA US,20130125 16:00,0
COOP:448906,WASHINGTON REAGAN NATIONAL AIRPORT VA US,20130125 17:00,0
COOP:448906,WASHINGTON REAGAN NATIONAL AIRPORT VA US,20130125 18:00,2
COOP:448906,WASHINGTON REAGAN NATIONAL AIRPORT VA US,20130125 19:00,0
COOP:448906,WASHINGTON REAGAN NATIONAL AIRPORT VA US,20130126 05:00,0
COOP:448906,WASHINGTON REAGAN NATIONAL AIRPORT VA US,20130126 06:00,0
COOP:448906,WASHINGTON REAGAN NATIONAL AIRPORT VA US,20130126 07:00,0
COOP:448906,WASHINGTON REAGAN NATIONAL AIRPORT VA US,20130128 04:00,0
COOP:448906,WASHINGTON REAGAN NATIONAL AIRPORT VA US,20130128 05:00,0
COOP:448906,WASHINGTON REAGAN NATIONAL AIRPORT VA US,20130128 06:00,1
COOP:448906,WASHINGTON REAGAN NATIONAL AIRPORT VA US,20130128 07:00,2
COOP:448906,WASHINGTON REAGAN NATIONAL AIRPORT VA US,20130128 08:00,3
COOP:448906,WASHINGTON REAGAN NATIONAL AIRPORT VA US,20130128 09:00,2
COOP:448906,WASHINGTON REAGAN NATIONAL AIRPORT VA US,20130128 10:00,3
COOP:448906,WASHINGTON REAGAN NATIONAL AIRPORT VA US,20130128 11:00,2
COOP:448906,WASHINGTON REAGAN NATIONAL AIRPORT VA US,20130128 12:00,0
COOP:448906,WASHINGTON REAGAN NATIONAL AIRPORT VA US,20130128 18:00,0
COOP:448906,WASHINGTON REAGAN NATIONAL AIRPORT VA US,20130130 18:00,0
COOP:448906,WASHINGTON REAGAN NATIONAL AIRPORT VA US,20130130 19:00,0
COOP:448906,WASHINGTON REAGAN NATIONAL AIRPORT VA US,20130130 20:00,0
COOP:448906,WASHINGTON REAGAN NATIONAL AIRPORT VA US,20130130 21:00,42
COOP:448906,WASHINGTON REAGAN NATIONAL AIRPORT VA US,20130130 22:00,22
COOP:448906,WASHINGTON REAGAN NATIONAL AIRPORT VA US,20130130 23:00,17
COOP:448906,WASHINGTON REAGAN NATIONAL AIRPORT VA US,20130131 00:00,5
COOP:448906,WASHINGTON REAGAN NATIONAL AIRPORT VA US,20130131 01:00,14
COOP:448906,WASHINGTON REAGAN NATIONAL AIRPORT VA US,20130131 02:00,9
COOP:448906,WASHINGTON REAGAN NATIONAL AIRPORT VA US,20130131 03:00,5
COOP:448906,WASHINGTON REAGAN NATIONAL AIRPORT VA US,20130131 04:00,0
COOP:448906,WASHINGTON REAGAN NATIONAL AIRPORT VA US,20130131 05:00,0
COOP:448906,WASHINGTON REAGAN NATIONAL AIRPORT VA US,20130131 06:00,0
COOP:448906,WASHINGTON REAGAN NATIONAL AIRPORT VA US,20130201 01:00,0
COOP:448906,WASHINGTON REAGAN NATIONAL AIRPORT VA US,20130201 05:00,0
COOP:448906,WASHINGTON REAGAN NATIONAL AIRPORT VA US,20130201 06:00,0
COOP:448906,WASHINGTON REAGAN NATIONAL AIRPORT VA US,20130201 07:00,0
COOP:448906,WASHINGTON REAGAN NATIONAL AIRPORT VA US,20130201 08:00,1
COOP:448906,WASHINGTON REAGAN NATIONAL AIRPORT VA US,20130201 09:00,0
COOP:448906,WASHINGTON REAGAN NATIONAL AIRPORT VA US,20130202 18:00,0
COOP:448906,WASHINGTON REAGAN NATIONAL AIRPORT VA US,20130202 19:00,0
COOP:448906,WASHINGTON REAGAN NATIONAL AIRPORT VA US,20130202 20:00,1
COOP:448906,WASHINGTON REAGAN NATIONAL AIRPORT VA US,20130202 21:00,1
COOP:448906,WASHINGTON REAGAN NATIONAL AIRPORT VA US,20130202 22:00,0
COOP:448906,WASHINGTON REAGAN NATIONAL AIRPORT VA US,20130202 23:00,0
COOP:448906,WASHINGTON REAGAN NATIONAL AIRPORT VA US,20130203 10:00,0
COOP:448906,WASHINGTON REAGAN NATIONAL AIRPORT VA US,20130203 11:00,0
COOP:448906,WASHINGTON REAGAN NATIONAL AIRPORT VA US,20130203 13:00,0
COOP:448906,WASHINGTON REAGAN NATIONAL AIRPORT VA US,20130203 14:00,0
COOP:448906,WASHINGTON REAGAN NATIONAL AIRPORT VA US,20130203 15:00,0
COOP:448906,WASHINGTON REAGAN NATIONAL AIRPORT VA US,20130203 16:00,0
COOP:448906,WASHINGTON REAGAN NATIONAL AIRPORT VA US,20130203 21:00,0
COOP:448906,WASHINGTON REAGAN NATIONAL AIRPORT VA US,20130203 22:00,0
COOP:448906,WASHINGTON REAGAN NATIONAL AIRPORT VA US,20130206 05:00,0
COOP:448906,WASHINGTON REAGAN NATIONAL AIRPORT VA US,20130206 06:00,0
COOP:448906,WASHINGTON REAGAN NATIONAL AIRPORT VA US,20130208 02:00,1
COOP:448906,WASHINGTON REAGAN NATIONAL AIRPORT VA US,20130208 03:00,4
COOP:448906,WASHINGTON REAGAN NATIONAL AIRPORT VA US,20130208 04:00,5
COOP:448906,WASHINGTON REAGAN NATIONAL AIRPORT VA US,20130208 05:00,4
COOP:448906,WASHINGTON REAGAN NATIONAL AIRPORT VA US,20130208 06:00,1
COOP:448906,WASHINGTON REAGAN NATIONAL AIRPORT VA US,20130208 07:00,1
COOP:448906,WASHINGTON REAGAN NATIONAL AIRPORT VA US,20130208 08:00,3
COOP:448906,WASHINGTON REAGAN NATIONAL AIRPORT VA US,20130208 09:00,1
COOP:448906,WASHINGTON REAGAN NATIONAL AIRPORT VA US,20130208 10:00,0
COOP:448906,WASHINGTON REAGAN NATIONAL AIRPORT VA US,20130208 11:00,0
COOP:448906,WASHINGTON REAGAN NATIONAL AIRPORT VA US,20130208 12:00,0
COOP:448906,WASHINGTON REAGAN NATIONAL AIRPORT VA US,20130208 16:00,0
COOP:448906,WASHINGTON REAGAN NATIONAL AIRPORT VA US,20130211 01:00,0
COOP:448906,WASHINGTON REAGAN NATIONAL AIRPORT VA US,20130211 02:00,4
COOP:448906,WASHINGTON REAGAN NATIONAL AIRPORT VA US,20130211 03:00,2
COOP:448906,WASHINGTON REAGAN NATIONAL AIRPORT VA US,20130211 04:00,6
COOP:448906,WASHINGTON REAGAN NATIONAL AIRPORT VA US,20130211 05:00,8
COOP:448906,WASHINGTON REAGAN NATIONAL AIRPORT VA US,20130211 06:00,3
COOP:448906,WASHINGTON REAGAN NATIONAL AIRPORT VA US,20130211 07:00,5
COOP:448906,WASHINGTON REAGAN NATIONAL AIRPORT VA US,20130211 09:00,0
COOP:448906,WASHINGTON REAGAN NATIONAL AIRPORT VA US,20130211 10:00,0
COOP:448906,WASHINGTON REAGAN NATIONAL AIRPORT VA US,20130213 15:00,0
COOP:448906,WASHINGTON REAGAN NATIONAL AIRPORT VA US,20130213 16:00,0
COOP:448906,WASHINGTON REAGAN NATIONAL AIRPORT VA US,20130213 17:00,2
COOP:448906,WASHINGTON REAGAN NATIONAL AIRPORT VA US,20130213 18:00,6
COOP:448906,WASHINGTON REAGAN NATIONAL AIRPORT VA US,20130213 19:00,3
COOP:448906,WASHINGTON REAGAN NATIONAL AIRPORT VA US,20130213 20:00,2
COOP:448906,WASHINGTON REAGAN NATIONAL AIRPORT VA US,20130213 21:00,3
COOP:448906,WASHINGTON REAGAN NATIONAL AIRPORT VA US,20130213 22:00,2
COOP:448906,WASHINGTON REAGAN NATIONAL AIRPORT VA US,20130213 23:00,1
COOP:448906,WASHINGTON REAGAN NATIONAL AIRPORT VA US,20130215 18:00,0
COOP:448906,WASHINGTON REAGAN NATIONAL AIRPORT VA US,20130215 21:00,0
COOP:448906,WASHINGTON REAGAN NATIONAL AIRPORT VA US,20130215 22:00,3
COOP:448906,WASHINGTON REAGAN NATIONAL AIRPORT VA US,20130215 23:00,4
COOP:448906,WASHINGTON REAGAN NATIONAL AIRPORT VA US,20130216 00:00,3
COOP:448906,WASHINGTON REAGAN NATIONAL AIRPORT VA US,20130216 01:00,1
COOP:448906,WASHINGTON REAGAN NATIONAL AIRPORT VA US,20130216 05:00,1
COOP:448906,WASHINGTON REAGAN NATIONAL AIRPORT VA US,20130219 10:00,0
COOP:448906,WASHINGTON REAGAN NATIONAL AIRPORT VA US,20130219 11:00,2
COOP:448906,WASHINGTON REAGAN NATIONAL AIRPORT VA US,20130219 12:00,4
COOP:448906,WASHINGTON REAGAN NATIONAL AIRPORT VA US,20130219 13:00,1
COOP:448906,WASHINGTON REAGAN NATIONAL AIRPORT VA US,20130219 14:00,0
COOP:448906,WASHINGTON REAGAN NATIONAL AIRPORT VA US,20130219 15:00,0
COOP:448906,WASHINGTON REAGAN NATIONAL AIRPORT VA US,20130222 12:00,0
COOP:448906,WASHINGTON REAGAN NATIONAL AIRPORT VA US,20130222 13:00,0
COOP:448906,WASHINGTON REAGAN NATIONAL AIRPORT VA US,20130222 14:00,3
COOP:448906,WASHINGTON REAGAN NATIONAL AIRPORT VA US,20130222 15:00,1
COOP:448906,WASHINGTON REAGAN NATIONAL AIRPORT VA US,20130222 17:00,0
COOP:448906,WASHINGTON REAGAN NATIONAL AIRPORT VA US,20130222 18:00,1
COOP:448906,WASHINGTON REAGAN NATIONAL AIRPORT VA US,20130222 19:00,0
COOP:448906,WASHINGTON REAGAN NATIONAL AIRPORT VA US,20130222 23:00,0
COOP:448906,WASHINGTON REAGAN NATIONAL AIRPORT VA US,20130223 00:00,1
COOP:448906,WASHINGTON REAGAN NATIONAL AIRPORT VA US,20130223 01:00,0
COOP:448906,WASHINGTON REAGAN NATIONAL AIRPORT VA US,20130223 02:00,0
COOP:448906,WASHINGTON REAGAN NATIONAL AIRPORT VA US,20130223 03:00,1
COOP:448906,WASHINGTON REAGAN NATIONAL AIRPORT VA US,20130223 04:00,1
COOP:448906,WASHINGTON REAGAN NATIONAL AIRPORT VA US,20130223 05:00,0
COOP:448906,WASHINGTON REAGAN NATIONAL AIRPORT VA US,20130223 06:00,0
COOP:448906,WASHINGTON REAGAN NATIONAL AIRPORT VA US,20130223 07:00,0
COOP:448906,WASHINGTON REAGAN NATIONAL AIRPORT VA US,20130223 09:00,1
COOP:448906,WASHINGTON REAGAN NATIONAL AIRPORT VA US,20130223 10:00,1
COOP:448906,WASHINGTON REAGAN NATIONAL AIRPORT VA US,20130223 11:00,1
COOP:448906,WASHINGTON REAGAN NATIONAL AIRPORT VA US,20130223 12:00,2
COOP:448906,WASHINGTON REAGAN NATIONAL AIRPORT VA US,20130223 13:00,1
COOP:448906,WASHINGTON REAGAN NATIONAL AIRPORT VA US,20130223 14:00,0
COOP:448906,WASHINGTON REAGAN NATIONAL AIRPORT VA US,20130223 15:00,0
COOP:448906,WASHINGTON REAGAN NATIONAL AIRPORT VA US,20130226 12:00,1
COOP:448906,WASHINGTON REAGAN NATIONAL AIRPORT VA US,20130226 13:00,2
COOP:448906,WASHINGTON REAGAN NATIONAL AIRPORT VA US,20130226 14:00,3
COOP:448906,WASHINGTON REAGAN NATIONAL AIRPORT VA US,20130226 15:00,4
COOP:448906,WASHINGTON REAGAN NATIONAL AIRPORT VA US,20130226 16:00,5
COOP:448906,WASHINGTON REAGAN NATIONAL AIRPORT VA US,20130226 17:00,1
COOP:448906,WASHINGTON REAGAN NATIONAL AIRPORT VA US,20130226 18:00,0
COOP:448906,WASHINGTON REAGAN NATIONAL AIRPORT VA US,20130226 19:00,6
COOP:448906,WASHINGTON REAGAN NATIONAL AIRPORT VA US,20130226 20:00,7
COOP:448906,WASHINGTON REAGAN NATIONAL AIRPORT VA US,20130226 21:00,6
COOP:448906,WASHINGTON REAGAN NATIONAL AIRPORT VA US,20130226 22:00,23
COOP:448906,WASHINGTON REAGAN NATIONAL AIRPORT VA US,20130226 23:00,3
COOP:448906,WASHINGTON REAGAN NATIONAL AIRPORT VA US,20130227 00:00,1
COOP:448906,WASHINGTON REAGAN NATIONAL AIRPORT VA US,20130227 01:00,0
COOP:448906,WASHINGTON REAGAN NATIONAL AIRPORT VA US,20130227 02:00,0
COOP:448906,WASHINGTON REAGAN NATIONAL AIRPORT VA US,20130227 03:00,0
COOP:448906,WASHINGTON REAGAN NATIONAL AIRPORT VA US,20130227 04:00,0
COOP:448906,WASHINGTON REAGAN NATIONAL AIRPORT VA US,20130227 05:00,1
COOP:448906,WASHINGTON REAGAN NATIONAL AIRPORT VA US,20130227 06:00,0
COOP:448906,WASHINGTON REAGAN NATIONAL AIRPORT VA US,20130228 02:00,0
COOP:448906,WASHINGTON REAGAN NATIONAL AIRPORT VA US,20130228 04:00,0
COOP:448906,WASHINGTON REAGAN NATIONAL AIRPORT VA US,20130228 05:00,0
COOP:448906,WASHINGTON REAGAN NATIONAL AIRPORT VA US,20130228 06:00,1
COOP:448906,WASHINGTON REAGAN NATIONAL AIRPORT VA US,20130228 07:00,0
COOP:448906,WASHINGTON REAGAN NATIONAL AIRPORT VA US,20130301 01:00,0
COOP:448906,WASHINGTON REAGAN NATIONAL AIRPORT VA US,20130305 23:00,0
COOP:448906,WASHINGTON REAGAN NATIONAL AIRPORT VA US,20130306 00:00,0
COOP:448906,WASHINGTON REAGAN NATIONAL AIRPORT VA US,20130306 01:00,3
COOP:448906,WASHINGTON REAGAN NATIONAL AIRPORT VA US,20130306 02:00,3
COOP:448906,WASHINGTON REAGAN NATIONAL AIRPORT VA US,20130306 03:00,4
COOP:448906,WASHINGTON REAGAN NATIONAL AIRPORT VA US,20130306 04:00,5
COOP:448906,WASHINGTON REAGAN NATIONAL AIRPORT VA US,20130306 05:00,6
COOP:448906,WASHINGTON REAGAN NATIONAL AIRPORT VA US,20130306 06:00,5
COOP:448906,WASHINGTON REAGAN NATIONAL AIRPORT VA US,20130306 07:00,2
COOP:448906,WASHINGTON REAGAN NATIONAL AIRPORT VA US,20130306 08:00,3
COOP:448906,WASHINGTON REAGAN NATIONAL AIRPORT VA US,20130306 09:00,9
COOP:448906,WASHINGTON REAGAN NATIONAL AIRPORT VA US,20130306 10:00,12
COOP:448906,WASHINGTON REAGAN NATIONAL AIRPORT VA US,20130306 11:00,10
COOP:448906,WASHINGTON REAGAN NATIONAL AIRPORT VA US,20130306 12:00,6
COOP:448906,WASHINGTON REAGAN NATIONAL AIRPORT VA US,20130306 13:00,16
COOP:448906,WASHINGTON REAGAN NATIONAL AIRPORT VA US,20130306 14:00,5
COOP:448906,WASHINGTON REAGAN NATIONAL AIRPORT VA US,20130306 15:00,4
COOP:448906,WASHINGTON REAGAN NATIONAL AIRPORT VA US,20130306 16:00,6
COOP:448906,WASHINGTON REAGAN NATIONAL AIRPORT VA US,20130306 17:00,2
COOP:448906,WASHINGTON REAGAN NATIONAL AIRPORT VA US,20130306 18:00,2
COOP:448906,WASHINGTON REAGAN NATIONAL AIRPORT VA US,20130306 19:00,0
COOP:448906,WASHINGTON REAGAN NATIONAL AIRPORT VA US,20130311 23:00,0
COOP:448906,WASHINGTON REAGAN NATIONAL AIRPORT VA US,20130312 00:00,0
COOP:448906,WASHINGTON REAGAN NATIONAL AIRPORT VA US,20130312 01:00,0
COOP:448906,WASHINGTON REAGAN NATIONAL AIRPORT VA US,20130312 02:00,0
COOP:448906,WASHINGTON REAGAN NATIONAL AIRPORT VA US,20130312 03:00,0
COOP:448906,WASHINGTON REAGAN NATIONAL AIRPORT VA US,20130312 04:00,0
COOP:448906,WASHINGTON REAGAN NATIONAL AIRPORT VA US,20130312 05:00,2
COOP:448906,WASHINGTON REAGAN NATIONAL AIRPORT VA US,20130312 06:00,2
COOP:448906,WASHINGTON REAGAN NATIONAL AIRPORT VA US,20130312 07:00,11
COOP:448906,WASHINGTON REAGAN NATIONAL AIRPORT VA US,20130312 08:00,0
COOP:448906,WASHINGTON REAGAN NATIONAL AIRPORT VA US,20130312 09:00,1
COOP:448906,WASHINGTON REAGAN NATIONAL AIRPORT VA US,20130312 10:00,12
COOP:448906,WASHINGTON REAGAN NATIONAL AIRPORT VA US,20130312 11:00,53
COOP:448906,WASHINGTON REAGAN NATIONAL AIRPORT VA US,20130312 12:00,2
COOP:448906,WASHINGTON REAGAN NATIONAL AIRPORT VA US,20130313 13:00,0
COOP:448906,WASHINGTON REAGAN NATIONAL AIRPORT VA US,20130316 16:00,2
COOP:448906,WASHINGTON REAGAN NATIONAL AIRPORT VA US,20130316 17:00,1
COOP:448906,WASHINGTON REAGAN NATIONAL AIRPORT VA US,20130318 03:00,0
COOP:448906,WASHINGTON REAGAN NATIONAL AIRPORT VA US,20130318 05:00,0
COOP:448906,WASHINGTON REAGAN NATIONAL AIRPORT VA US,20130318 06:00,0
COOP:448906,WASHINGTON REAGAN NATIONAL AIRPORT VA US,20130318 07:00,0
COOP:448906,WASHINGTON REAGAN NATIONAL AIRPORT VA US,20130318 08:00,0
COOP:448906,WASHINGTON REAGAN NATIONAL AIRPORT VA US,20130318 09:00,0
COOP:448906,WASHINGTON REAGAN NATIONAL AIRPORT VA US,20130318 10:00,0
COOP:448906,WASHINGTON REAGAN NATIONAL AIRPORT VA US,20130318 14:00,0
COOP:448906,WASHINGTON REAGAN NATIONAL AIRPORT VA US,20130318 15:00,2
COOP:448906,WASHINGTON REAGAN NATIONAL AIRPORT VA US,20130318 16:00,2
COOP:448906,WASHINGTON REAGAN NATIONAL AIRPORT VA US,20130318 17:00,8
COOP:448906,WASHINGTON REAGAN NATIONAL AIRPORT VA US,20130318 18:00,9
COOP:448906,WASHINGTON REAGAN NATIONAL AIRPORT VA US,20130318 19:00,5
COOP:448906,WASHINGTON REAGAN NATIONAL AIRPORT VA US,20130318 20:00,3
COOP:448906,WASHINGTON REAGAN NATIONAL AIRPORT VA US,20130318 21:00,3
COOP:448906,WASHINGTON REAGAN NATIONAL AIRPORT VA US,20130318 22:00,0
COOP:448906,WASHINGTON REAGAN NATIONAL AIRPORT VA US,20130318 23:00,0
COOP:448906,WASHINGTON REAGAN NATIONAL AIRPORT VA US,20130321 05:00,0
COOP:448906,WASHINGTON REAGAN NATIONAL AIRPORT VA US,20130321 06:00,0
COOP:448906,WASHINGTON REAGAN NATIONAL AIRPORT VA US,20130324 19:00,0
COOP:448906,WASHINGTON REAGAN NATIONAL AIRPORT VA US,20130324 20:00,2
COOP:448906,WASHINGTON REAGAN NATIONAL AIRPORT VA US,20130324 21:00,1
COOP:448906,WASHINGTON REAGAN NATIONAL AIRPORT VA US,20130324 22:00,0
COOP:448906,WASHINGTON REAGAN NATIONAL AIRPORT VA US,20130324 23:00,1
COOP:448906,WASHINGTON REAGAN NATIONAL AIRPORT VA US,20130325 00:00,0
COOP:448906,WASHINGTON REAGAN NATIONAL AIRPORT VA US,20130325 02:00,0
COOP:448906,WASHINGTON REAGAN NATIONAL AIRPORT VA US,20130325 03:00,4
COOP:448906,WASHINGTON REAGAN NATIONAL AIRPORT VA US,20130325 04:00,12
COOP:448906,WASHINGTON REAGAN NATIONAL AIRPORT VA US,20130325 05:00,10
COOP:448906,WASHINGTON REAGAN NATIONAL AIRPORT VA US,20130325 06:00,3
COOP:448906,WASHINGTON REAGAN NATIONAL AIRPORT VA US,20130325 07:00,2
COOP:448906,WASHINGTON REAGAN NATIONAL AIRPORT VA US,20130325 08:00,3
COOP:448906,WASHINGTON REAGAN NATIONAL AIRPORT VA US,20130325 09:00,1
COOP:448906,WASHINGTON REAGAN NATIONAL AIRPORT VA US,20130325 10:00,0
COOP:448906,WASHINGTON REAGAN NATIONAL AIRPORT VA US,20130325 11:00,4
COOP:448906,WASHINGTON REAGAN NATIONAL AIRPORT VA US,20130325 12:00,2
COOP:448906,WASHINGTON REAGAN NATIONAL AIRPORT VA US,20130325 13:00,2
COOP:448906,WASHINGTON REAGAN NATIONAL AIRPORT VA US,20130325 14:00,2
COOP:448906,WASHINGTON REAGAN NATIONAL AIRPORT VA US,20130325 15:00,1
COOP:448906,WASHINGTON REAGAN NATIONAL AIRPORT VA US,20130325 16:00,0
COOP:448906,WASHINGTON REAGAN NATIONAL AIRPORT VA US,20130325 17:00,2
COOP:448906,WASHINGTON REAGAN NATIONAL AIRPORT VA US,20130325 18:00,2
COOP:448906,WASHINGTON REAGAN NATIONAL AIRPORT VA US,20130325 19:00,1
COOP:448906,WASHINGTON REAGAN NATIONAL AIRPORT VA US,20130325 20:00,1
COOP:448906,WASHINGTON REAGAN NATIONAL AIRPORT VA US,20130325 21:00,0
COOP:448906,WASHINGTON REAGAN NATIONAL AIRPORT VA US,20130327 14:00,0
COOP:448906,WASHINGTON REAGAN NATIONAL AIRPORT VA US,20130327 15:00,0
COOP:448906,WASHINGTON REAGAN NATIONAL AIRPORT VA US,20130327 16:00,1
COOP:448906,WASHINGTON REAGAN NATIONAL AIRPORT VA US,20130328 14:00,0
COOP:448906,WASHINGTON REAGAN NATIONAL AIRPORT VA US,20130328 15:00,0
COOP:448906,WASHINGTON REAGAN NATIONAL AIRPORT VA US,20130331 12:00,0
COOP:448906,WASHINGTON REAGAN NATIONAL AIRPORT VA US,20130331 13:00,0
COOP:448906,WASHINGTON REAGAN NATIONAL AIRPORT VA US,20130331 14:00,1
COOP:448906,WASHINGTON REAGAN NATIONAL AIRPORT VA US,20130331 15:00,1
COOP:448906,WASHINGTON REAGAN NATIONAL AIRPORT VA US,20130331 16:00,0
COOP:448906,WASHINGTON REAGAN NATIONAL AIRPORT VA US,20130401 01:00,0
COOP:448906,WASHINGTON REAGAN NATIONAL AIRPORT VA US,20130401 14:00,0
COOP:448906,WASHINGTON REAGAN NATIONAL AIRPORT VA US,20130401 15:00,0
COOP:448906,WASHINGTON REAGAN NATIONAL AIRPORT VA US,20130404 21:00,1
COOP:448906,WASHINGTON REAGAN NATIONAL AIRPORT VA US,20130404 22:00,2
COOP:448906,WASHINGTON REAGAN NATIONAL AIRPORT VA US,20130404 23:00,3
COOP:448906,WASHINGTON REAGAN NATIONAL AIRPORT VA US,20130405 00:00,8
COOP:448906,WASHINGTON REAGAN NATIONAL AIRPORT VA US,20130405 01:00,1
COOP:448906,WASHINGTON REAGAN NATIONAL AIRPORT VA US,20130405 02:00,2
COOP:448906,WASHINGTON REAGAN NATIONAL AIRPORT VA US,20130405 03:00,7
COOP:448906,WASHINGTON REAGAN NATIONAL AIRPORT VA US,20130405 04:00,2
COOP:448906,WASHINGTON REAGAN NATIONAL AIRPORT VA US,20130405 05:00,0
COOP:448906,WASHINGTON REAGAN NATIONAL AIRPORT VA US,20130412 04:00,0
COOP:448906,WASHINGTON REAGAN NATIONAL AIRPORT VA US,20130412 05:00,3
COOP:448906,WASHINGTON REAGAN NATIONAL AIRPORT VA US,20130412 06:00,0
COOP:448906,WASHINGTON REAGAN NATIONAL AIRPORT VA US,20130412 07:00,32
COOP:448906,WASHINGTON REAGAN NATIONAL AIRPORT VA US,20130412 08:00,14
COOP:448906,WASHINGTON REAGAN NATIONAL AIRPORT VA US,20130412 09:00,23
COOP:448906,WASHINGTON REAGAN NATIONAL AIRPORT VA US,20130412 10:00,7
COOP:448906,WASHINGTON REAGAN NATIONAL AIRPORT VA US,20130412 11:00,1
COOP:448906,WASHINGTON REAGAN NATIONAL AIRPORT VA US,20130412 13:00,0
COOP:448906,WASHINGTON REAGAN NATIONAL AIRPORT VA US,20130415 04:00,0
COOP:448906,WASHINGTON REAGAN NATIONAL AIRPORT VA US,20130415 05:00,0
COOP:448906,WASHINGTON REAGAN NATIONAL AIRPORT VA US,20130415 06:00,0
COOP:448906,WASHINGTON REAGAN NATIONAL AIRPORT VA US,20130415 07:00,0
COOP:448906,WASHINGTON REAGAN NATIONAL AIRPORT VA US,20130415 08:00,0
COOP:448906,WASHINGTON REAGAN NATIONAL AIRPORT VA US,20130415 09:00,0
COOP:448906,WASHINGTON REAGAN NATIONAL AIRPORT VA US,20130415 12:00,0
COOP:448906,WASHINGTON REAGAN NATIONAL AIRPORT VA US,20130417 01:00,0
COOP:448906,WASHINGTON REAGAN NATIONAL AIRPORT VA US,20130417 02:00,0
COOP:448906,WASHINGTON REAGAN NATIONAL AIRPORT VA US,20130418 03:00,4
COOP:448906,WASHINGTON REAGAN NATIONAL AIRPORT VA US,20130418 04:00,0
COOP:448906,WASHINGTON REAGAN NATIONAL AIRPORT VA US,20130418 05:00,1
COOP:448906,WASHINGTON REAGAN NATIONAL AIRPORT VA US,20130418 06:00,0
COOP:448906,WASHINGTON REAGAN NATIONAL AIRPORT VA US,20130418 07:00,0
COOP:448906,WASHINGTON REAGAN NATIONAL AIRPORT VA US,20130418 08:00,0
COOP:448906,WASHINGTON REAGAN NATIONAL AIRPORT VA US,20130418 09:00,1
COOP:448906,WASHINGTON REAGAN NATIONAL AIRPORT VA US,20130418 11:00,0
COOP:448906,WASHINGTON REAGAN NATIONAL AIRPORT VA US,20130419 06:00,1
COOP:448906,WASHINGTON REAGAN NATIONAL AIRPORT VA US,20130419 07:00,0
COOP:448906,WASHINGTON REAGAN NATIONAL AIRPORT VA US,20130419 16:00,0
COOP:448906,WASHINGTON REAGAN NATIONAL AIRPORT VA US,20130419 18:00,0
COOP:448906,WASHINGTON REAGAN NATIONAL AIRPORT VA US,20130419 19:00,53
COOP:448906,WASHINGTON REAGAN NATIONAL AIRPORT VA US,20130419 20:00,4
COOP:448906,WASHINGTON REAGAN NATIONAL AIRPORT VA US,20130419 21:00,20
COOP:448906,WASHINGTON REAGAN NATIONAL AIRPORT VA US,20130419 22:00,26
COOP:448906,WASHINGTON REAGAN NATIONAL AIRPORT VA US,20130419 23:00,29
COOP:448906,WASHINGTON REAGAN NATIONAL AIRPORT VA US,20130420 00:00,4
COOP:448906,WASHINGTON REAGAN NATIONAL AIRPORT VA US,20130420 01:00,1
COOP:448906,WASHINGTON REAGAN NATIONAL AIRPORT VA US,20130425 00:00,0
COOP:448906,WASHINGTON REAGAN NATIONAL AIRPORT VA US,20130425 02:00,1
COOP:448906,WASHINGTON REAGAN NATIONAL AIRPORT VA US,20130428 15:00,0
COOP:448906,WASHINGTON REAGAN NATIONAL AIRPORT VA US,20130428 16:00,0
COOP:448906,WASHINGTON REAGAN NATIONAL AIRPORT VA US,20130429 00:00,0
COOP:448906,WASHINGTON REAGAN NATIONAL AIRPORT VA US,20130429 01:00,0
COOP:448906,WASHINGTON REAGAN NATIONAL AIRPORT VA US,20130429 02:00,2
COOP:448906,WASHINGTON REAGAN NATIONAL AIRPORT VA US,20130429 03:00,0
COOP:448906,WASHINGTON REAGAN NATIONAL AIRPORT VA US,20130429 04:00,0
COOP:448906,WASHINGTON REAGAN NATIONAL AIRPORT VA US,20130429 05:00,3
COOP:448906,WASHINGTON REAGAN NATIONAL AIRPORT VA US,20130429 06:00,5
COOP:448906,WASHINGTON REAGAN NATIONAL AIRPORT VA US,20130429 07:00,1
COOP:448906,WASHINGTON REAGAN NATIONAL AIRPORT VA US,20130429 08:00,6
COOP:448906,WASHINGTON REAGAN NATIONAL AIRPORT VA US,20130429 09:00,1
COOP:448906,WASHINGTON REAGAN NATIONAL AIRPORT VA US,20130429 10:00,2
COOP:448906,WASHINGTON REAGAN NATIONAL AIRPORT VA US,20130429 11:00,2
COOP:448906,WASHINGTON REAGAN NATIONAL AIRPORT VA US,20130429 12:00,1
COOP:448906,WASHINGTON REAGAN NATIONAL AIRPORT VA US,20130429 13:00,0
COOP:448906,WASHINGTON REAGAN NATIONAL AIRPORT VA US,20130429 14:00,0
COOP:448906,WASHINGTON REAGAN NATIONAL AIRPORT VA US,20130429 15:00,0
COOP:448906,WASHINGTON REAGAN NATIONAL AIRPORT VA US,20130429 16:00,0
COOP:448906,WASHINGTON REAGAN NATIONAL AIRPORT VA US,20130429 22:00,0
COOP:448906,WASHINGTON REAGAN NATIONAL AIRPORT VA US,20130429 23:00,0
COOP:448906,WASHINGTON REAGAN NATIONAL AIRPORT VA US,20130430 00:00,0
COOP:448906,WASHINGTON REAGAN NATIONAL AIRPORT VA US,20130430 02:00,0
COOP:448906,WASHINGTON REAGAN NATIONAL AIRPORT VA US,20130430 03:00,0
COOP:448906,WASHINGTON REAGAN NATIONAL AIRPORT VA US,20130430 04:00,0
COOP:448906,WASHINGTON REAGAN NATIONAL AIRPORT VA US,20130430 05:00,0
COOP:448906,WASHINGTON REAGAN NATIONAL AIRPORT VA US,20130430 06:00,0
COOP:448906,WASHINGTON REAGAN NATIONAL AIRPORT VA US,20130430 07:00,0
COOP:448906,WASHINGTON REAGAN NATIONAL AIRPORT VA US,20130430 08:00,0
COOP:448906,WASHINGTON REAGAN NATIONAL AIRPORT VA US,20130430 09:00,0
COOP:448906,WASHINGTON REAGAN NATIONAL AIRPORT VA US,20130430 10:00,0
COOP:448906,WASHINGTON REAGAN NATIONAL AIRPORT VA US,20130430 11:00,0
COOP:448906,WASHINGTON REAGAN NATIONAL AIRPORT VA US,20130430 12:00,1
COOP:448906,WASHINGTON REAGAN NATIONAL AIRPORT VA US,20130430 13:00,0
COOP:448906,WASHINGTON REAGAN NATIONAL AIRPORT VA US,20130430 14:00,0
COOP:448906,WASHINGTON REAGAN NATIONAL AIRPORT VA US,20130430 15:00,0
COOP:448906,WASHINGTON REAGAN NATIONAL AIRPORT VA US,20130430 16:00,1
COOP:448906,WASHINGTON REAGAN NATIONAL AIRPORT VA US,20130430 17:00,0
COOP:448906,WASHINGTON REAGAN NATIONAL AIRPORT VA US,20130430 18:00,0
COOP:448906,WASHINGTON REAGAN NATIONAL AIRPORT VA US,20130501 01:00,0
COOP:448906,WASHINGTON REAGAN NATIONAL AIRPORT VA US,20130506 09:00,0
COOP:448906,WASHINGTON REAGAN NATIONAL AIRPORT VA US,20130506 10:00,0
COOP:448906,WASHINGTON REAGAN NATIONAL AIRPORT VA US,20130506 18:00,0
COOP:448906,WASHINGTON REAGAN NATIONAL AIRPORT VA US,20130506 22:00,0
COOP:448906,WASHINGTON REAGAN NATIONAL AIRPORT VA US,20130506 23:00,0
COOP:448906,WASHINGTON REAGAN NATIONAL AIRPORT VA US,20130507 00:00,0
COOP:448906,WASHINGTON REAGAN NATIONAL AIRPORT VA US,20130507 01:00,0
COOP:448906,WASHINGTON REAGAN NATIONAL AIRPORT VA US,20130507 02:00,0
COOP:448906,WASHINGTON REAGAN NATIONAL AIRPORT VA US,20130507 03:00,0
COOP:448906,WASHINGTON REAGAN NATIONAL AIRPORT VA US,20130507 04:00,0
COOP:448906,WASHINGTON REAGAN NATIONAL AIRPORT VA US,20130507 05:00,0
COOP:448906,WASHINGTON REAGAN NATIONAL AIRPORT VA US,20130507 06:00,0
COOP:448906,WASHINGTON REAGAN NATIONAL AIRPORT VA US,20130507 08:00,3
COOP:448906,WASHINGTON REAGAN NATIONAL AIRPORT VA US,20130507 09:00,7
COOP:448906,WASHINGTON REAGAN NATIONAL AIRPORT VA US,20130507 10:00,20
COOP:448906,WASHINGTON REAGAN NATIONAL AIRPORT VA US,20130507 11:00,7
COOP:448906,WASHINGTON REAGAN NATIONAL AIRPORT VA US,20130507 12:00,12
COOP:448906,WASHINGTON REAGAN NATIONAL AIRPORT VA US,20130507 13:00,0
COOP:448906,WASHINGTON REAGAN NATIONAL AIRPORT VA US,20130507 14:00,0
COOP:448906,WASHINGTON REAGAN NATIONAL AIRPORT VA US,20130507 15:00,4
COOP:448906,WASHINGTON REAGAN NATIONAL AIRPORT VA US,20130507 16:00,0
COOP:448906,WASHINGTON REAGAN NATIONAL AIRPORT VA US,20130507 20:00,0
COOP:448906,WASHINGTON REAGAN NATIONAL AIRPORT VA US,20130507 21:00,0
COOP:448906,WASHINGTON REAGAN NATIONAL AIRPORT VA US,20130507 22:00,2
COOP:448906,WASHINGTON REAGAN NATIONAL AIRPORT VA US,20130507 23:00,0
COOP:448906,WASHINGTON REAGAN NATIONAL AIRPORT VA US,20130508 00:00,0
COOP:448906,WASHINGTON REAGAN NATIONAL AIRPORT VA US,20130508 16:00,0
COOP:448906,WASHINGTON REAGAN NATIONAL AIRPORT VA US,20130508 17:00,1
COOP:448906,WASHINGTON REAGAN NATIONAL AIRPORT VA US,20130508 18:00,2
COOP:448906,WASHINGTON REAGAN NATIONAL AIRPORT VA US,20130508 19:00,1
COOP:448906,WASHINGTON REAGAN NATIONAL AIRPORT VA US,20130508 22:00,0
COOP:448906,WASHINGTON REAGAN NATIONAL AIRPORT VA US,20130509 17:00,5
COOP:448906,WASHINGTON REAGAN NATIONAL AIRPORT VA US,20130509 19:00,0
COOP:448906,WASHINGTON REAGAN NATIONAL AIRPORT VA US,20130509 20:00,1
COOP:448906,WASHINGTON REAGAN NATIONAL AIRPORT VA US,20130510 22:00,29
COOP:448906,WASHINGTON REAGAN NATIONAL AIRPORT VA US,20130510 23:00,15
COOP:448906,WASHINGTON REAGAN NATIONAL AIRPORT VA US,20130511 00:00,4
COOP:448906,WASHINGTON REAGAN NATIONAL AIRPORT VA US,20130511 01:00,1
COOP:448906,WASHINGTON REAGAN NATIONAL AIRPORT VA US,20130511 03:00,0
COOP:448906,WASHINGTON REAGAN NATIONAL AIRPORT VA US,20130511 05:00,0
COOP:448906,WASHINGTON REAGAN NATIONAL AIRPORT VA US,20130511 09:00,0
COOP:448906,WASHINGTON REAGAN NATIONAL AIRPORT VA US,20130511 14:00,0
COOP:448906,WASHINGTON REAGAN NATIONAL AIRPORT VA US,20130511 15:00,1
COOP:448906,WASHINGTON REAGAN NATIONAL AIRPORT VA US,20130511 18:00,0
COOP:448906,WASHINGTON REAGAN NATIONAL AIRPORT VA US,20130511 19:00,0
COOP:448906,WASHINGTON REAGAN NATIONAL AIRPORT VA US,20130511 20:00,2
COOP:448906,WASHINGTON REAGAN NATIONAL AIRPORT VA US,20130511 21:00,3
COOP:448906,WASHINGTON REAGAN NATIONAL AIRPORT VA US,20130511 23:00,0
COOP:448906,WASHINGTON REAGAN NATIONAL AIRPORT VA US,20130512 00:00,0
COOP:448906,WASHINGTON REAGAN NATIONAL AIRPORT VA US,20130512 01:00,0
COOP:448906,WASHINGTON REAGAN NATIONAL AIRPORT VA US,20130512 02:00,0
COOP:448906,WASHINGTON REAGAN NATIONAL AIRPORT VA US,20130512 03:00,0
COOP:448906,WASHINGTON REAGAN NATIONAL AIRPORT VA US,20130515 08:00,0
COOP:448906,WASHINGTON REAGAN NATIONAL AIRPORT VA US,20130515 09:00,0
COOP:448906,WASHINGTON REAGAN NATIONAL AIRPORT VA US,20130515 10:00,0
COOP:448906,WASHINGTON REAGAN NATIONAL AIRPORT VA US,20130516 12:00,0
COOP:448906,WASHINGTON REAGAN NATIONAL AIRPORT VA US,20130516 13:00,0
COOP:448906,WASHINGTON REAGAN NATIONAL AIRPORT VA US,20130518 10:00,0
COOP:448906,WASHINGTON REAGAN NATIONAL AIRPORT VA US,20130518 11:00,0
COOP:448906,WASHINGTON REAGAN NATIONAL AIRPORT VA US,20130518 12:00,6
COOP:448906,WASHINGTON REAGAN NATIONAL AIRPORT VA US,20130518 14:00,0
COOP:448906,WASHINGTON REAGAN NATIONAL AIRPORT VA US,20130518 15:00,0
COOP:448906,WASHINGTON REAGAN NATIONAL AIRPORT VA US,20130518 17:00,0
COOP:448906,WASHINGTON REAGAN NATIONAL AIRPORT VA US,20130518 18:00,0
COOP:448906,WASHINGTON REAGAN NATIONAL AIRPORT VA US,20130518 20:00,0
COOP:448906,WASHINGTON REAGAN NATIONAL AIRPORT VA US,20130518 21:00,0
COOP:448906,WASHINGTON REAGAN NATIONAL AIRPORT VA US,20130518 22:00,0
COOP:448906,WASHINGTON REAGAN NATIONAL AIRPORT VA US,20130519 03:00,0
COOP:448906,WASHINGTON REAGAN NATIONAL AIRPORT VA US,20130519 08:00,0
COOP:448906,WASHINGTON REAGAN NATIONAL AIRPORT VA US,20130519 09:00,1
COOP:448906,WASHINGTON REAGAN NATIONAL AIRPORT VA US,20130519 10:00,0
COOP:448906,WASHINGTON REAGAN NATIONAL AIRPORT VA US,20130519 11:00,0
COOP:448906,WASHINGTON REAGAN NATIONAL AIRPORT VA US,20130519 19:00,1
COOP:448906,WASHINGTON REAGAN NATIONAL AIRPORT VA US,20130519 20:00,0
COOP:448906,WASHINGTON REAGAN NATIONAL AIRPORT VA US,20130520 00:00,0
COOP:448906,WASHINGTON REAGAN NATIONAL AIRPORT VA US,20130520 07:00,0
COOP:448906,WASHINGTON REAGAN NATIONAL AIRPORT VA US,20130520 08:00,0
COOP:448906,WASHINGTON REAGAN NATIONAL AIRPORT VA US,20130520 09:00,0
COOP:448906,WASHINGTON REAGAN NATIONAL AIRPORT VA US,20130520 10:00,0
COOP:448906,WASHINGTON REAGAN NATIONAL AIRPORT VA US,20130520 11:00,0
COOP:448906,WASHINGTON REAGAN NATIONAL AIRPORT VA US,20130522 22:00,0
COOP:448906,WASHINGTON REAGAN NATIONAL AIRPORT VA US,20130522 23:00,1
COOP:448906,WASHINGTON REAGAN NATIONAL AIRPORT VA US,20130523 00:00,1
COOP:448906,WASHINGTON REAGAN NATIONAL AIRPORT VA US,20130523 05:00,0
COOP:448906,WASHINGTON REAGAN NATIONAL AIRPORT VA US,20130523 09:00,0
COOP:448906,WASHINGTON REAGAN NATIONAL AIRPORT VA US,20130523 12:00,0
COOP:448906,WASHINGTON REAGAN NATIONAL AIRPORT VA US,20130523 13:00,0
COOP:448906,WASHINGTON REAGAN NATIONAL AIRPORT VA US,20130523 17:00,0
COOP:448906,WASHINGTON REAGAN NATIONAL AIRPORT VA US,20130523 20:00,0
COOP:448906,WASHINGTON REAGAN NATIONAL AIRPORT VA US,20130523 21:00,0
COOP:448906,WASHINGTON REAGAN NATIONAL AIRPORT VA US,20130523 22:00,0
COOP:448906,WASHINGTON REAGAN NATIONAL AIRPORT VA US,20130523 23:00,16
COOP:448906,WASHINGTON REAGAN NATIONAL AIRPORT VA US,20130524 00:00,1
COOP:448906,WASHINGTON REAGAN NATIONAL AIRPORT VA US,20130524 06:00,0
COOP:448906,WASHINGTON REAGAN NATIONAL AIRPORT VA US,20130524 07:00,1
COOP:448906,WASHINGTON REAGAN NATIONAL AIRPORT VA US,20130524 08:00,0
COOP:448906,WASHINGTON REAGAN NATIONAL AIRPORT VA US,20130524 09:00,0
COOP:448906,WASHINGTON REAGAN NATIONAL AIRPORT VA US,20130524 10:00,0
COOP:448906,WASHINGTON REAGAN NATIONAL AIRPORT VA US,20130524 11:00,0
COOP:448906,WASHINGTON REAGAN NATIONAL AIRPORT VA US,20130528 05:00,0
COOP:448906,WASHINGTON REAGAN NATIONAL AIRPORT VA US,20130528 08:00,0
COOP:448906,WASHINGTON REAGAN NATIONAL AIRPORT VA US,20130528 09:00,0
COOP:448906,WASHINGTON REAGAN NATIONAL AIRPORT VA US,20130528 18:00,17
COOP:448906,WASHINGTON REAGAN NATIONAL AIRPORT VA US,20130528 19:00,117
COOP:448906,WASHINGTON REAGAN NATIONAL AIRPORT VA US,20130601 01:00,0
COOP:448906,WASHINGTON REAGAN NATIONAL AIRPORT VA US,20130602 14:00,0
COOP:448906,WASHINGTON REAGAN NATIONAL AIRPORT VA US,20130602 17:00,0
COOP:448906,WASHINGTON REAGAN NATIONAL AIRPORT VA US,20130602 18:00,0
COOP:448906,WASHINGTON REAGAN NATIONAL AIRPORT VA US,20130602 19:00,12
COOP:448906,WASHINGTON REAGAN NATIONAL AIRPORT VA US,20130602 21:00,0
COOP:448906,WASHINGTON REAGAN NATIONAL AIRPORT VA US,20130602 22:00,0
COOP:448906,WASHINGTON REAGAN NATIONAL AIRPORT VA US,20130602 23:00,0
COOP:448906,WASHINGTON REAGAN NATIONAL AIRPORT VA US,20130603 01:00,0
COOP:448906,WASHINGTON REAGAN NATIONAL AIRPORT VA US,20130603 02:00,1
COOP:448906,WASHINGTON REAGAN NATIONAL AIRPORT VA US,20130603 03:00,0
COOP:448906,WASHINGTON REAGAN NATIONAL AIRPORT VA US,20130603 04:00,7
COOP:448906,WASHINGTON REAGAN NATIONAL AIRPORT VA US,20130603 05:00,12
COOP:448906,WASHINGTON REAGAN NATIONAL AIRPORT VA US,20130603 06:00,11
COOP:448906,WASHINGTON REAGAN NATIONAL AIRPORT VA US,20130603 07:00,11
COOP:448906,WASHINGTON REAGAN NATIONAL AIRPORT VA US,20130603 08:00,0
COOP:448906,WASHINGTON REAGAN NATIONAL AIRPORT VA US,20130603 09:00,0
COOP:448906,WASHINGTON REAGAN NATIONAL AIRPORT VA US,20130603 15:00,0
COOP:448906,WASHINGTON REAGAN NATIONAL AIRPORT VA US,20130603 16:00,0
COOP:448906,WASHINGTON REAGAN NATIONAL AIRPORT VA US,20130606 11:00,0
COOP:448906,WASHINGTON REAGAN NATIONAL AIRPORT VA US,20130606 12:00,0
COOP:448906,WASHINGTON REAGAN NATIONAL AIRPORT VA US,20130606 17:00,1
COOP:448906,WASHINGTON REAGAN NATIONAL AIRPORT VA US,20130606 18:00,6
COOP:448906,WASHINGTON REAGAN NATIONAL AIRPORT VA US,20130606 19:00,17
COOP:448906,WASHINGTON REAGAN NATIONAL AIRPORT VA US,20130606 20:00,11
COOP:448906,WASHINGTON REAGAN NATIONAL AIRPORT VA US,20130606 21:00,2
COOP:448906,WASHINGTON REAGAN NATIONAL AIRPORT VA US,20130606 22:00,0
COOP:448906,WASHINGTON REAGAN NATIONAL AIRPORT VA US,20130606 23:00,6
COOP:448906,WASHINGTON REAGAN NATIONAL AIRPORT VA US,20130607 00:00,42
COOP:448906,WASHINGTON REAGAN NATIONAL AIRPORT VA US,20130607 01:00,36
COOP:448906,WASHINGTON REAGAN NATIONAL AIRPORT VA US,20130607 02:00,28
COOP:448906,WASHINGTON REAGAN NATIONAL AIRPORT VA US,20130607 03:00,6
COOP:448906,WASHINGTON REAGAN NATIONAL AIRPORT VA US,20130607 04:00,5
COOP:448906,WASHINGTON REAGAN NATIONAL AIRPORT VA US,20130607 05:00,1
COOP:448906,WASHINGTON REAGAN NATIONAL AIRPORT VA US,20130607 06:00,3
COOP:448906,WASHINGTON REAGAN NATIONAL AIRPORT VA US,20130607 07:00,3
COOP:448906,WASHINGTON REAGAN NATIONAL AIRPORT VA US,20130607 08:00,7
COOP:448906,WASHINGTON REAGAN NATIONAL AIRPORT VA US,20130607 09:00,7
COOP:448906,WASHINGTON REAGAN NATIONAL AIRPORT VA US,20130607 10:00,8
COOP:448906,WASHINGTON REAGAN NATIONAL AIRPORT VA US,20130607 11:00,15
COOP:448906,WASHINGTON REAGAN NATIONAL AIRPORT VA US,20130607 12:00,18
COOP:448906,WASHINGTON REAGAN NATIONAL AIRPORT VA US,20130607 13:00,6
COOP:448906,WASHINGTON REAGAN NATIONAL AIRPORT VA US,20130607 14:00,4
COOP:448906,WASHINGTON REAGAN NATIONAL AIRPORT VA US,20130607 15:00,4
COOP:448906,WASHINGTON REAGAN NATIONAL AIRPORT VA US,20130607 16:00,5
COOP:448906,WASHINGTON REAGAN NATIONAL AIRPORT VA US,20130607 17:00,3
COOP:448906,WASHINGTON REAGAN NATIONAL AIRPORT VA US,20130607 18:00,7
COOP:448906,WASHINGTON REAGAN NATIONAL AIRPORT VA US,20130607 19:00,0
COOP:448906,WASHINGTON REAGAN NATIONAL AIRPORT VA US,20130607 20:00,1
COOP:448906,WASHINGTON REAGAN NATIONAL AIRPORT VA US,20130607 21:00,0
COOP:448906,WASHINGTON REAGAN NATIONAL AIRPORT VA US,20130607 22:00,0
COOP:448906,WASHINGTON REAGAN NATIONAL AIRPORT VA US,20130608 06:00,0
COOP:448906,WASHINGTON REAGAN NATIONAL AIRPORT VA US,20130608 10:00,0
COOP:448906,WASHINGTON REAGAN NATIONAL AIRPORT VA US,20130608 11:00,0
COOP:448906,WASHINGTON REAGAN NATIONAL AIRPORT VA US,20130608 12:00,0
COOP:448906,WASHINGTON REAGAN NATIONAL AIRPORT VA US,20130609 20:00,1
COOP:448906,WASHINGTON REAGAN NATIONAL AIRPORT VA US,20130609 21:00,0
COOP:448906,WASHINGTON REAGAN NATIONAL AIRPORT VA US,20130610 02:00,27
COOP:448906,WASHINGTON REAGAN NATIONAL AIRPORT VA US,20130610 03:00,27
COOP:448906,WASHINGTON REAGAN NATIONAL AIRPORT VA US,20130610 04:00,1
COOP:448906,WASHINGTON REAGAN NATIONAL AIRPORT VA US,20130610 05:00,0
COOP:448906,WASHINGTON REAGAN NATIONAL AIRPORT VA US,20130610 06:00,0
COOP:448906,WASHINGTON REAGAN NATIONAL AIRPORT VA US,20130610 07:00,4
COOP:448906,WASHINGTON REAGAN NATIONAL AIRPORT VA US,20130610 08:00,2
COOP:448906,WASHINGTON REAGAN NATIONAL AIRPORT VA US,20130610 09:00,0
COOP:448906,WASHINGTON REAGAN NATIONAL AIRPORT VA US,20130610 10:00,0
COOP:448906,WASHINGTON REAGAN NATIONAL AIRPORT VA US,20130610 12:00,0
COOP:448906,WASHINGTON REAGAN NATIONAL AIRPORT VA US,20130610 14:00,18
COOP:448906,WASHINGTON REAGAN NATIONAL AIRPORT VA US,20130610 15:00,83
COOP:448906,WASHINGTON REAGAN NATIONAL AIRPORT VA US,20130610 17:00,5
COOP:448906,WASHINGTON REAGAN NATIONAL AIRPORT VA US,20130610 18:00,1
COOP:448906,WASHINGTON REAGAN NATIONAL AIRPORT VA US,20130610 19:00,1
COOP:448906,WASHINGTON REAGAN NATIONAL AIRPORT VA US,20130610 20:00,105
COOP:448906,WASHINGTON REAGAN NATIONAL AIRPORT VA US,20130610 21:00,3
COOP:448906,WASHINGTON REAGAN NATIONAL AIRPORT VA US,20130613 03:00,0
COOP:448906,WASHINGTON REAGAN NATIONAL AIRPORT VA US,20130613 04:00,0
COOP:448906,WASHINGTON REAGAN NATIONAL AIRPORT VA US,20130613 09:00,0
COOP:448906,WASHINGTON REAGAN NATIONAL AIRPORT VA US,20130613 11:00,0
COOP:448906,WASHINGTON REAGAN NATIONAL AIRPORT VA US,20130613 16:00,2
COOP:448906,WASHINGTON REAGAN NATIONAL AIRPORT VA US,20130613 19:00,0
COOP:448906,WASHINGTON REAGAN NATIONAL AIRPORT VA US,20130614 03:00,0
COOP:448906,WASHINGTON REAGAN NATIONAL AIRPORT VA US,20130614 05:00,0
COOP:448906,WASHINGTON REAGAN NATIONAL AIRPORT VA US,20130614 06:00,1
COOP:448906,WASHINGTON REAGAN NATIONAL AIRPORT VA US,20130614 07:00,1
COOP:448906,WASHINGTON REAGAN NATIONAL AIRPORT VA US,20130614 08:00,0
COOP:448906,WASHINGTON REAGAN NATIONAL AIRPORT VA US,20130616 14:00,0
COOP:448906,WASHINGTON REAGAN NATIONAL AIRPORT VA US,20130616 16:00,0
COOP:448906,WASHINGTON REAGAN NATIONAL AIRPORT VA US,20130616 19:00,0
COOP:448906,WASHINGTON REAGAN NATIONAL AIRPORT VA US,20130617 12:00,0
COOP:448906,WASHINGTON REAGAN NATIONAL AIRPORT VA US,20130617 13:00,0
COOP:448906,WASHINGTON REAGAN NATIONAL AIRPORT VA US,20130617 17:00,0
COOP:448906,WASHINGTON REAGAN NATIONAL AIRPORT VA US,20130618 09:00,0
COOP:448906,WASHINGTON REAGAN NATIONAL AIRPORT VA US,20130618 12:00,0
COOP:448906,WASHINGTON REAGAN NATIONAL AIRPORT VA US,20130618 13:00,7
COOP:448906,WASHINGTON REAGAN NATIONAL AIRPORT VA US,20130618 14:00,7
COOP:448906,WASHINGTON REAGAN NATIONAL AIRPORT VA US,20130618 15:00,7
COOP:448906,WASHINGTON REAGAN NATIONAL AIRPORT VA US,20130618 16:00,2
COOP:448906,WASHINGTON REAGAN NATIONAL AIRPORT VA US,20130618 17:00,0
COOP:448906,WASHINGTON REAGAN NATIONAL AIRPORT VA US,20130623 07:00,0
COOP:448906,WASHINGTON REAGAN NATIONAL AIRPORT VA US,20130623 08:00,13
COOP:448906,WASHINGTON REAGAN NATIONAL AIRPORT VA US,20130623 09:00,33
COOP:448906,WASHINGTON REAGAN NATIONAL AIRPORT VA US,20130623 10:00,0
COOP:448906,WASHINGTON REAGAN NATIONAL AIRPORT VA US,20130624 16:00,1
COOP:448906,WASHINGTON REAGAN NATIONAL AIRPORT VA US,20130624 17:00,1
COOP:448906,WASHINGTON REAGAN NATIONAL AIRPORT VA US,20130625 23:00,0
COOP:448906,WASHINGTON REAGAN NATIONAL AIRPORT VA US,20130626 00:00,0
COOP:448906,WASHINGTON REAGAN NATIONAL AIRPORT VA US,20130626 16:00,0
COOP:448906,WASHINGTON REAGAN NATIONAL AIRPORT VA US,20130626 17:00,1
COOP:448906,WASHINGTON REAGAN NATIONAL AIRPORT VA US,20130627 14:00,0
COOP:448906,WASHINGTON REAGAN NATIONAL AIRPORT VA US,20130627 15:00,22
COOP:448906,WASHINGTON REAGAN NATIONAL AIRPORT VA US,20130627 16:00,1
COOP:448906,WASHINGTON REAGAN NATIONAL AIRPORT VA US,20130627 21:00,0
COOP:448906,WASHINGTON REAGAN NATIONAL AIRPORT VA US,20130628 15:00,89
COOP:448906,WASHINGTON REAGAN NATIONAL AIRPORT VA US,20130628 16:00,55
COOP:448906,WASHINGTON REAGAN NATIONAL AIRPORT VA US,20130628 17:00,12
COOP:448906,WASHINGTON REAGAN NATIONAL AIRPORT VA US,20130628 18:00,120
COOP:448906,WASHINGTON REAGAN NATIONAL AIRPORT VA US,20130628 19:00,10
COOP:448906,WASHINGTON REAGAN NATIONAL AIRPORT VA US,20130628 22:00,0
COOP:448906,WASHINGTON REAGAN NATIONAL AIRPORT VA US,20130630 10:00,19
COOP:448906,WASHINGTON REAGAN NATIONAL AIRPORT VA US,20130630 11:00,3
COOP:448906,WASHINGTON REAGAN NATIONAL AIRPORT VA US,20130630 18:00,5
COOP:448906,WASHINGTON REAGAN NATIONAL AIRPORT VA US,20130630 20:00,0
COOP:448906,WASHINGTON REAGAN NATIONAL AIRPORT VA US,20130630 22:00,0
COOP:448906,WASHINGTON REAGAN NATIONAL AIRPORT VA US,20130630 23:00,1
